{
  "a": {
    "DataFrame": 0.08643780533333345,
    "RDD": 12.497263388999997
  },
  "b": {
    "DataFrame": 0.39978230566666423,
    "RDD": 4.086445263666668
  },
  "c": {
    "DataFrame": 0.06766087499999666,
    "RDD": 13.775961722333335
  },
  "sql_broadcast": {
    "SQL+hint": 0.11270234733333002,
    "DF naive": 0.37797462499999784
  },
  "sql_shuffle_hash": {
    "SQL+hint": 1.17664793066668,
    "DF naive": 2.0045629863333354
  }
}