{
  "delta": {
    "write_100": 4.3144308339999995,
    "size_mb": 5.13333797454834,
    "read": 2.409659958999999,
    "updates": {
      "10": 2.8322953329999994,
      "20": 2.330716541000001,
      "50": 2.0650207920000003
    },
    "concurrency": [
      {
        "thread": 1,
        "ok": true,
        "attempt": 1
      },
      {
        "thread": 0,
        "ok": true,
        "attempt": 2
      }
    ]
  },
  "iceberg": {
    "write_100": 2.195129917,
    "size_mb": 2.2524948120117188,
    "read": 0.5219160409999999,
    "updates": {
      "10": 1.543844333,
      "20": 1.0521145829999998,
      "50": 1.2204660829999998
    },
    "concurrency": [
      {
        "thread": 1,
        "ok": true,
        "attempt": 1
      },
      {
        "thread": 0,
        "ok": true,
        "attempt": 2
      }
    ]
  },
  "hudi": {
    "write_100": 6.289715750000001,
    "size_mb": 41.5301513671875,
    "read": 1.0942584170000007,
    "updates": {
      "10": 12.050690166,
      "20": 8.935471624999998,
      "50": 9.883764084000003
    },
    "concurrency": [
      {
        "thread": 1,
        "ok": true,
        "attempt": 1
      },
      {
        "thread": 0,
        "ok": true,
        "attempt": 2
      }
    ]
  }
}